orden_ejecucion,repeticion,nivel,algoritmo,heuristica,estado,motivo,costo,movimientos,nodos_expandidos,nodos_frontera,max_nodos_frontera,tiempo_segundos
1,4,trivial,bfs,,exito,exito,6,ULLLDR,14,0,6,0.00031829999898036476
2,5,medio,dfs,,exito,exito,228,DLLULUURDURRDULLDDUURRDDUURRDULLDDLDRUUULLDDLDRUUURRDDDRUUULLDDLDRUUURRDRRDLLDLUDLUUULLDDDRUUURRDULLDDRRUURRDDLLUULLDDDRUDLLUUURRRDLULDURRDDRDLUUULLDLDDRULUURRDRDDLUUULDURRDDRRRDLUUULLDLLLDDRULUURDLDRUURRDDDLUDRRUUULLDULLDDRRURD,1274,185,340,0.026105599999937112
3,5,medio,astar,empujes_inversos,exito,exito,18,LUULDDUURRDDUURRDD,1552,573,574,0.05422269999871787
4,5,sin_solucion,astar,empujes_inversos,fracaso,sin_solucion,,,3080,0,269,0.07412399999884656
5,2,facil,astar,empujes_inversos,exito,exito,13,LURRRDLLLDRRR,292,130,131,0.008595100000093225
6,1,trivial,greedy,empujes_inversos,exito,exito,6,ULLLDR,14,0,6,0.0003376000004209345
7,3,medio,bfs,,exito,exito,18,LUULDDUURRDDUURRDD,4703,1103,1109,0.0974819999992178
8,3,medio,astar,manhattan,exito,exito,18,LUULDDUURRDDUURRDD,1552,573,574,0.0490669999999227
9,2,trivial,astar,empujes_inversos,exito,exito,6,ULLLDR,14,0,6,0.0003355000008014031
10,3,trivial,greedy,empujes_inversos,exito,exito,6,ULLLDR,14,0,6,0.0003190000006725313
11,1,trivial,astar,manhattan,exito,exito,6,ULLLDR,14,0,6,0.00031970000054570846
12,1,sin_solucion,greedy,manhattan,fracaso,sin_solucion,,,3080,0,166,0.06783679999898595
13,4,medio,astar,empujes_inversos,exito,exito,18,LUULDDUURRDDUURRDD,1552,573,574,0.05129699999997683
14,1,trivial,bfs,,exito,exito,6,ULLLDR,14,0,6,0.0002508999987185234
15,4,facil,dfs,,exito,exito,447,LUURDURRDDDDLLLUURUURRDDDDLLUUDDRRUUUULLDRDUULLDDRDRUDDLLUUUURRDULLDDRRUULLDDDDRRRRUULLUULLDDDDRRRUUDDLLUUDDRRUURUULDULLDDUURRDDUULLDDLDDRRURUUULLDDLDDRUUDDRRUUUULLDURRDDDDRUUDDLLUUUULLDDRUURRDDDDRRUUULULDULLDDDDRRUUDDLLUUURDUULLDDDDRRRULUUURRDLULLLDDDDRUUDDRRUURUULLLDLDRRDDLLUUURRRULLDDDDRRUUDDLLUUUURRRDULDRDUULLDDDRUDDLLUUUURRRDLULDULLDDDDRRUUDDRRUUDDLLUULUURRDLULLDDDDRRURURRUULDULLDDDDLLUUURURDULLDDDDRRURULULDUURRDDDDLLLURUUURRDDDRUDDLLLURR,1147,364,392,0.022531099999469006
16,5,sin_solucion,greedy,manhattan,fracaso,sin_solucion,,,3080,0,166,0.08264099999905739
17,4,medio,dfs,,exito,exito,228,DLLULUURDURRDULLDDUURRDDUURRDULLDDLDRUUULLDDLDRUUURRDDDRUUULLDDLDRUUURRDRRDLLDLUDLUUULLDDDRUUURRDULLDDRRUURRDDLLUULLDDDRUDLLUUURRRDLULDURRDDRDLUUULLDLDDRULUURRDRDDLUUULDURRDDRRRDLUUULLDLLLDDRULUURDLDRUURRDDDLUDRRUUULLDULLDDRRURD,1274,185,340,0.025262700000894256
18,2,sin_solucion,greedy,empujes_inversos,fracaso,sin_solucion,,,3080,0,269,0.06949379999969096
19,2,sin_solucion,astar,manhattan,fracaso,sin_solucion,,,3080,0,308,0.07299299999976938
20,5,medio,astar,manhattan,exito,exito,18,LUULDDUURRDDUURRDD,1552,573,574,0.04922239999905287
21,1,sin_solucion,greedy,empujes_inversos,fracaso,sin_solucion,,,3080,0,269,0.06959070000084466
22,1,facil,greedy,empujes_inversos,exito,exito,13,LURRRDLLLDRRR,35,21,22,0.0010504000001674285
23,5,facil,astar,empujes_inversos,exito,exito,13,LURRRDLLLDRRR,292,130,131,0.008678199999849312
24,2,trivial,greedy,empujes_inversos,exito,exito,6,ULLLDR,14,0,6,0.00033320000147796236
25,5,sin_solucion,bfs,,fracaso,sin_solucion,,,3080,0,269,0.05644389999906707
26,3,sin_solucion,astar,manhattan,fracaso,sin_solucion,,,3080,0,308,0.07607929999903718
27,3,sin_solucion,greedy,empujes_inversos,fracaso,sin_solucion,,,3080,0,269,0.0733922999988863
28,3,trivial,astar,empujes_inversos,exito,exito,6,ULLLDR,14,0,6,0.0004124999995838152
29,2,sin_solucion,greedy,manhattan,fracaso,sin_solucion,,,3080,0,166,0.08505479999985255
30,4,trivial,dfs,,exito,exito,6,ULLLDR,9,4,6,0.00018459999955666717
31,3,sin_solucion,astar,empujes_inversos,fracaso,sin_solucion,,,3080,0,269,0.07504580000022543
32,2,trivial,greedy,manhattan,exito,exito,6,ULLLDR,14,0,6,0.0003401000012672739
33,3,facil,astar,manhattan,exito,exito,13,LURRRDLLLDRRR,292,130,131,0.0081873999988602
34,3,sin_solucion,greedy,manhattan,fracaso,sin_solucion,,,3080,0,166,0.06941550000010466
35,5,sin_solucion,greedy,empujes_inversos,fracaso,sin_solucion,,,3080,0,269,0.07142229999953997
36,1,trivial,dfs,,exito,exito,6,ULLLDR,9,4,6,0.00018679999993764795
37,4,sin_solucion,astar,empujes_inversos,fracaso,sin_solucion,,,3080,0,269,0.083891099999164
38,5,trivial,astar,empujes_inversos,exito,exito,6,ULLLDR,14,0,6,0.00039570000080857426
39,1,facil,astar,empujes_inversos,exito,exito,13,LURRRDLLLDRRR,292,130,131,0.011252199999944423
40,3,trivial,bfs,,exito,exito,6,ULLLDR,14,0,6,0.00028220000058354344
41,4,trivial,greedy,empujes_inversos,exito,exito,6,ULLLDR,14,0,6,0.0003333999993628822
42,1,medio,astar,empujes_inversos,exito,exito,18,LUULDDUURRDDUURRDD,1552,573,574,0.055990500000916654
43,3,sin_solucion,bfs,,fracaso,sin_solucion,,,3080,0,269,0.05695699999887438
44,4,trivial,greedy,manhattan,exito,exito,6,ULLLDR,14,0,6,0.0003453999997873325
45,1,sin_solucion,astar,empujes_inversos,fracaso,sin_solucion,,,3080,0,269,0.07785400000102527
46,4,sin_solucion,bfs,,fracaso,sin_solucion,,,3080,0,269,0.05725499999971362
47,5,trivial,greedy,manhattan,exito,exito,6,ULLLDR,14,0,6,0.0003494000011414755
48,5,facil,greedy,empujes_inversos,exito,exito,13,LURRRDLLLDRRR,35,21,22,0.001079899999240297
49,1,sin_solucion,bfs,,fracaso,sin_solucion,,,3080,0,269,0.060546499998963554
50,1,sin_solucion,astar,manhattan,fracaso,sin_solucion,,,3080,0,308,0.07898540000132925
51,2,medio,greedy,empujes_inversos,exito,exito,18,LUULDDUURRDDUURRDD,56,29,30,0.0018227999989903765
52,3,sin_solucion,dfs,,fracaso,sin_solucion,,,3080,0,365,0.0711312999992515
53,5,facil,bfs,,exito,exito,13,LURRRDLLLDRRR,927,186,191,0.022828800001661875
54,4,medio,greedy,empujes_inversos,exito,exito,18,LUULDDUURRDDUURRDD,56,29,30,0.0026978999994753394
55,4,sin_solucion,greedy,manhattan,fracaso,sin_solucion,,,3080,0,166,0.08465240000077756
56,3,medio,dfs,,exito,exito,228,DLLULUURDURRDULLDDUURRDDUURRDULLDDLDRUUULLDDLDRUUURRDDDRUUULLDDLDRUUURRDRRDLLDLUDLUUULLDDDRUUURRDULLDDRRUURRDDLLUULLDDDRUDLLUUURRRDLULDURRDDRDLUUULLDLDDRULUURRDRDDLUUULDURRDDRRRDLUUULLDLLLDDRULUURDLDRUURRDDDLUDRRUUULLDULLDDRRURD,1274,185,340,0.030036599999220925
57,1,facil,bfs,,exito,exito,13,LURRRDLLLDRRR,927,186,191,0.025146899999526795
58,1,medio,dfs,,exito,exito,228,DLLULUURDURRDULLDDUURRDDUURRDULLDDLDRUUULLDDLDRUUURRDDDRUUULLDDLDRUUURRDRRDLLDLUDLUUULLDDDRUUURRDULLDDRRUURRDDLLUULLDDDRUDLLUUURRRDLULDURRDDRDLUUULLDLDDRULUURRDRDDLUUULDURRDDRRRDLUUULLDLLLDDRULUURDLDRUURRDDDLUDRRUUULLDULLDDRRURD,1274,185,340,0.030191200001354446
59,3,facil,bfs,,exito,exito,13,LURRRDLLLDRRR,927,186,191,0.01931700000022829
60,2,sin_solucion,bfs,,fracaso,sin_solucion,,,3080,0,269,0.06617050000022573
61,5,medio,greedy,empujes_inversos,exito,exito,18,LUULDDUURRDDUURRDD,56,29,30,0.0018746000005194219
62,2,facil,greedy,manhattan,exito,exito,13,LURRRDLLLDRRR,35,21,22,0.0010840000013558893
63,4,sin_solucion,greedy,empujes_inversos,fracaso,sin_solucion,,,3080,0,269,0.07568589999937103
64,1,facil,dfs,,exito,exito,447,LUURDURRDDDDLLLUURUURRDDDDLLUUDDRRUUUULLDRDUULLDDRDRUDDLLUUUURRDULLDDRRUULLDDDDRRRRUULLUULLDDDDRRRUUDDLLUUDDRRUURUULDULLDDUURRDDUULLDDLDDRRURUUULLDDLDDRUUDDRRUUUULLDURRDDDDRUUDDLLUUUULLDDRUURRDDDDRRUUULULDULLDDDDRRUUDDLLUUURDUULLDDDDRRRULUUURRDLULLLDDDDRUUDDRRUURUULLLDLDRRDDLLUUURRRULLDDDDRRUUDDLLUUUURRRDULDRDUULLDDDRUDDLLUUUURRRDLULDULLDDDDRRUUDDRRUUDDLLUULUURRDLULLDDDDRRURURRUULDULLDDDDLLUUURURDULLDDDDRRURULULDUURRDDDDLLLURUUURRDDDRUDDLLLURR,1147,364,392,0.022055399998862413
65,2,sin_solucion,astar,empujes_inversos,fracaso,sin_solucion,,,3080,0,269,0.07329899999967893
66,4,sin_solucion,astar,manhattan,fracaso,sin_solucion,,,3080,0,308,0.07493789999898581
67,2,facil,astar,manhattan,exito,exito,13,LURRRDLLLDRRR,292,130,131,0.008492000000842381
68,5,trivial,bfs,,exito,exito,6,ULLLDR,14,0,6,0.00025129999994533136
69,1,trivial,greedy,manhattan,exito,exito,6,ULLLDR,14,0,6,0.0003146999988530297
70,5,medio,greedy,manhattan,exito,exito,18,LUULDDUURRDDUURRDD,56,29,30,0.0016852999997354345
71,3,trivial,dfs,,exito,exito,6,ULLLDR,9,4,6,0.0001740000006975606
72,3,medio,greedy,manhattan,exito,exito,18,LUULDDUURRDDUURRDD,56,29,30,0.0016872999985935166
73,2,sin_solucion,dfs,,fracaso,sin_solucion,,,3080,0,365,0.05746999999973923
74,2,trivial,dfs,,exito,exito,6,ULLLDR,9,4,6,0.00017470000057073776
75,3,facil,greedy,empujes_inversos,exito,exito,13,LURRRDLLLDRRR,35,21,22,0.0010594999985187314
76,5,trivial,astar,manhattan,exito,exito,6,ULLLDR,14,0,6,0.00033540000003995374
77,4,medio,greedy,manhattan,exito,exito,18,LUULDDUURRDDUURRDD,56,29,30,0.0018350000009377254
78,5,trivial,dfs,,exito,exito,6,ULLLDR,9,4,6,0.00017189999925903976
79,2,medio,astar,empujes_inversos,exito,exito,18,LUULDDUURRDDUURRDD,1552,573,574,0.04906469999878027
80,1,sin_solucion,dfs,,fracaso,sin_solucion,,,3080,0,365,0.05859899999995832
81,2,medio,greedy,manhattan,exito,exito,18,LUULDDUURRDDUURRDD,56,29,30,0.0022676999997202074
82,1,medio,astar,manhattan,exito,exito,18,LUULDDUURRDDUURRDD,1552,573,574,0.05025529999875289
83,5,facil,dfs,,exito,exito,447,LUURDURRDDDDLLLUURUURRDDDDLLUUDDRRUUUULLDRDUULLDDRDRUDDLLUUUURRDULLDDRRUULLDDDDRRRRUULLUULLDDDDRRRUUDDLLUUDDRRUURUULDULLDDUURRDDUULLDDLDDRRURUUULLDDLDDRUUDDRRUUUULLDURRDDDDRUUDDLLUUUULLDDRUURRDDDDRRUUULULDULLDDDDRRUUDDLLUUURDUULLDDDDRRRULUUURRDLULLLDDDDRUUDDRRUURUULLLDLDRRDDLLUUURRRULLDDDDRRUUDDLLUUUURRRDULDRDUULLDDDRUDDLLUUUURRRDLULDULLDDDDRRUUDDRRUUDDLLUULUURRDLULLDDDDRRURURRUULDULLDDDDLLUUURURDULLDDDDRRURULULDUURRDDDDLLLURUUURRDDDRUDDLLLURR,1147,364,392,0.025990100000854
84,2,trivial,astar,manhattan,exito,exito,6,ULLLDR,14,0,6,0.0003541999994922662
85,1,facil,greedy,manhattan,exito,exito,13,LURRRDLLLDRRR,35,21,22,0.0011579000001802342
86,4,facil,astar,empujes_inversos,exito,exito,13,LURRRDLLLDRRR,292,130,131,0.010617399999318877
87,4,medio,bfs,,exito,exito,18,LUULDDUURRDDUURRDD,4703,1103,1109,0.10880949999955192
88,1,medio,greedy,manhattan,exito,exito,18,LUULDDUURRDDUURRDD,56,29,30,0.001787700000932091
89,2,facil,dfs,,exito,exito,447,LUURDURRDDDDLLLUURUURRDDDDLLUUDDRRUUUULLDRDUULLDDRDRUDDLLUUUURRDULLDDRRUULLDDDDRRRRUULLUULLDDDDRRRUUDDLLUUDDRRUURUULDULLDDUURRDDUULLDDLDDRRURUUULLDDLDDRUUDDRRUUUULLDURRDDDDRUUDDLLUUUULLDDRUURRDDDDRRUUULULDULLDDDDRRUUDDLLUUURDUULLDDDDRRRULUUURRDLULLLDDDDRUUDDRRUURUULLLDLDRRDDLLUUURRRULLDDDDRRUUDDLLUUUURRRDULDRDUULLDDDRUDDLLUUUURRRDLULDULLDDDDRRUUDDRRUUDDLLUULUURRDLULLDDDDRRURURRUULDULLDDDDLLUUURURDULLDDDDRRURULULDUURRDDDDLLLURUUURRDDDRUDDLLLURR,1147,364,392,0.022542700000485638
90,2,facil,greedy,empujes_inversos,exito,exito,13,LURRRDLLLDRRR,35,21,22,0.0010609000000840751
91,4,sin_solucion,dfs,,fracaso,sin_solucion,,,3080,0,365,0.057933199999752105
92,3,trivial,astar,manhattan,exito,exito,6,ULLLDR,14,0,6,0.00037510000038309954
93,2,facil,bfs,,exito,exito,13,LURRRDLLLDRRR,927,186,191,0.01888159999907657
94,3,trivial,greedy,manhattan,exito,exito,6,ULLLDR,14,0,6,0.00033380000058969017
95,5,facil,greedy,manhattan,exito,exito,13,LURRRDLLLDRRR,35,21,22,0.0010451999987708405
96,1,medio,greedy,empujes_inversos,exito,exito,18,LUULDDUURRDDUURRDD,56,29,30,0.0017315000004600734
97,5,sin_solucion,astar,manhattan,fracaso,sin_solucion,,,3080,0,308,0.07719209999959276
98,2,medio,astar,manhattan,exito,exito,18,LUULDDUURRDDUURRDD,1552,573,574,0.04636489999938931
99,2,medio,bfs,,exito,exito,18,LUULDDUURRDDUURRDD,4703,1103,1109,0.10893209999994724
100,4,facil,astar,manhattan,exito,exito,13,LURRRDLLLDRRR,292,130,131,0.009338100000604754
101,5,medio,bfs,,exito,exito,18,LUULDDUURRDDUURRDD,4703,1103,1109,0.1103597000001173
102,4,trivial,astar,manhattan,exito,exito,6,ULLLDR,14,0,6,0.00039460000152757857
103,5,sin_solucion,dfs,,fracaso,sin_solucion,,,3080,0,365,0.058451000000786735
104,3,facil,dfs,,exito,exito,447,LUURDURRDDDDLLLUURUURRDDDDLLUUDDRRUUUULLDRDUULLDDRDRUDDLLUUUURRDULLDDRRUULLDDDDRRRRUULLUULLDDDDRRRUUDDLLUUDDRRUURUULDULLDDUURRDDUULLDDLDDRRURUUULLDDLDDRUUDDRRUUUULLDURRDDDDRUUDDLLUUUULLDDRUURRDDDDRRUUULULDULLDDDDRRUUDDLLUUURDUULLDDDDRRRULUUURRDLULLLDDDDRUUDDRRUURUULLLDLDRRDDLLUUURRRULLDDDDRRUUDDLLUUUURRRDULDRDUULLDDDRUDDLLUUUURRRDLULDULLDDDDRRUUDDRRUUDDLLUULUURRDLULLDDDDRRURURRUULDULLDDDDLLUUURURDULLDDDDRRURULULDUURRDDDDLLLURUUURRDDDRUDDLLLURR,1147,364,392,0.02359939999951166
105,3,facil,greedy,manhattan,exito,exito,13,LURRRDLLLDRRR,35,21,22,0.0012844999982917216
106,5,trivial,greedy,empujes_inversos,exito,exito,6,ULLLDR,14,0,6,0.0003794999993260717
107,3,medio,greedy,empujes_inversos,exito,exito,18,LUULDDUURRDDUURRDD,56,29,30,0.0021184999986871844
108,2,medio,dfs,,exito,exito,228,DLLULUURDURRDULLDDUURRDDUURRDULLDDLDRUUULLDDLDRUUURRDDDRUUULLDDLDRUUURRDRRDLLDLUDLUUULLDDDRUUURRDULLDDRRUURRDDLLUULLDDDRUDLLUUURRRDLULDURRDDRDLUUULLDLDDRULUURRDRDDLUUULDURRDDRRRDLUUULLDLLLDDRULUURDLDRUURRDDDLUDRRUUULLDULLDDRRURD,1274,185,340,0.03026250000038999
109,1,facil,astar,manhattan,exito,exito,13,LURRRDLLLDRRR,292,130,131,0.010395799999969313
110,4,trivial,astar,empujes_inversos,exito,exito,6,ULLLDR,14,0,6,0.00034279999999853317
111,4,medio,astar,manhattan,exito,exito,18,LUULDDUURRDDUURRDD,1552,573,574,0.05570799999986775
112,5,facil,astar,manhattan,exito,exito,13,LURRRDLLLDRRR,292,130,131,0.010707499999625725
113,4,facil,greedy,empujes_inversos,exito,exito,13,LURRRDLLLDRRR,35,21,22,0.001094799999918905
114,1,trivial,astar,empujes_inversos,exito,exito,6,ULLLDR,14,0,6,0.0003488000002107583
115,1,medio,bfs,,exito,exito,18,LUULDDUURRDDUURRDD,4703,1103,1109,0.10815790000015113
116,2,trivial,bfs,,exito,exito,6,ULLLDR,14,0,6,0.0002578999992692843
117,3,facil,astar,empujes_inversos,exito,exito,13,LURRRDLLLDRRR,292,130,131,0.010072000000945991
118,4,facil,greedy,manhattan,exito,exito,13,LURRRDLLLDRRR,35,21,22,0.0011706000004778616
119,4,facil,bfs,,exito,exito,13,LURRRDLLLDRRR,927,186,191,0.022062300000470714
120,3,medio,astar,empujes_inversos,exito,exito,18,LUULDDUURRDDUURRDD,1552,573,574,0.05636409999897296
