nivel,algoritmo,heuristica,repeticiones,exitos,fracasos,cortes,tasa_exito,costo_promedio,nodos_expandidos_promedio,nodos_frontera_promedio,max_nodos_frontera_promedio,tiempo_promedio_segundos,tiempo_desvio_segundos
facil,astar,empujes_inversos,5,5,0,0,1.0,13.0,292.0,130.0,131.0,0.00984298,0.001178134
facil,astar,manhattan,5,5,0,0,1.0,13.0,292.0,130.0,131.0,0.00942416,0.001117693
facil,bfs,,5,5,0,0,1.0,13.0,927.0,186.0,191.0,0.02164732,0.002593008
facil,dfs,,5,5,0,0,1.0,447.0,1147.0,364.0,392.0,0.02334374,0.001583544
facil,greedy,empujes_inversos,5,5,0,0,1.0,13.0,35.0,21.0,22.0,0.0010691,1.7932e-05
facil,greedy,manhattan,5,5,0,0,1.0,13.0,35.0,21.0,22.0,0.00114844,9.2065e-05
medio,astar,empujes_inversos,5,5,0,0,1.0,18.0,1552.0,573.0,574.0,0.0533878,0.003138077
medio,astar,manhattan,5,5,0,0,1.0,18.0,1552.0,573.0,574.0,0.05012352,0.003437268
medio,bfs,,5,5,0,0,1.0,18.0,4703.0,1103.0,1109.0,0.10674824,0.005241923
medio,dfs,,5,5,0,0,1.0,228.0,1274.0,185.0,340.0,0.02837172,0.002472786
medio,greedy,empujes_inversos,5,5,0,0,1.0,18.0,56.0,29.0,30.0,0.00204906,0.000389965
medio,greedy,manhattan,5,5,0,0,1.0,18.0,56.0,29.0,30.0,0.0018526,0.000240906
sin_solucion,astar,empujes_inversos,5,0,5,0,0.0,,3080.0,0.0,269.0,0.07684278,0.004297693
sin_solucion,astar,manhattan,5,0,5,0,0.0,,3080.0,0.0,308.0,0.07603754,0.002264015
sin_solucion,bfs,,5,0,5,0,0.0,,3080.0,0.0,269.0,0.05947458,0.004075357
sin_solucion,dfs,,5,0,5,0,0.0,,3080.0,0.0,365.0,0.0607169,0.005838897
sin_solucion,greedy,empujes_inversos,5,0,5,0,0.0,,3080.0,0.0,269.0,0.071917,0.002641468
sin_solucion,greedy,manhattan,5,0,5,0,0.0,,3080.0,0.0,166.0,0.0779201,0.008551548
trivial,astar,empujes_inversos,5,5,0,0,1.0,6.0,14.0,0.0,6.0,0.00036706,3.4652e-05
trivial,astar,manhattan,5,5,0,0,1.0,6.0,14.0,0.0,6.0,0.0003558,2.9999e-05
trivial,bfs,,5,5,0,0,1.0,6.0,14.0,0.0,6.0,0.00027212,2.881e-05
trivial,dfs,,5,5,0,0,1.0,6.0,9.0,4.0,6.0,0.0001784,6.788e-06
trivial,greedy,empujes_inversos,5,5,0,0,1.0,6.0,14.0,0.0,6.0,0.00034054,2.2888e-05
trivial,greedy,manhattan,5,5,0,0,1.0,6.0,14.0,0.0,6.0,0.00033668,1.361e-05
