epoch,train_loss,validation_loss,train_accuracy,validation_accuracy,learning_rate,updates,gradient_norm
1,0.27330321552140946,0.3031060256747412,0.9190763052208836,0.9152269987946967,0.1,312,1.2272340389240648
2,0.19386448983470572,0.22083079785639576,0.9470883534136546,0.9357171554841301,0.1,624,1.0321061193006371
3,0.18217266656030728,0.22884668253218815,0.9467871485943775,0.9312977099236641,0.1,936,0.9271465674675279
4,0.12849419787713084,0.18157371435755973,0.9671686746987952,0.9489754921655283,0.1,1248,0.8310956779531219
5,0.11030634601759796,0.16646122764493734,0.9722891566265061,0.9533949377259944,0.1,1560,0.7811985059525736
6,0.16802802068274988,0.24211436536753686,0.9485943775100402,0.9312977099236641,0.1,1872,0.7712559811920748
7,0.08332185271365393,0.15608350133674606,0.9793172690763052,0.9574126155082362,0.1,2184,0.6980891487216175
8,0.07713061821363387,0.1587224345248795,0.9803212851405623,0.9574126155082362,0.1,2496,0.6569979103381439
9,0.05923405510155363,0.13512074890063724,0.986144578313253,0.9622338288469264,0.1,2808,0.6191686736280821
10,0.051559183198987335,0.1388920861393311,0.9884538152610441,0.9614302932904781,0.1,3120,0.5831921126295597
11,0.048710695518850475,0.14113369743882345,0.9880522088353414,0.9586179188429088,0.1,3432,0.5326949638511577
12,0.04255650173646177,0.1403245819699433,0.9910642570281124,0.9602249899558055,0.1,3744,0.5029970035790887
13,0.034913856841414424,0.14135074055508506,0.993574297188755,0.9582161510646846,0.1,4056,0.46921152178939124
14,0.02908253673059773,0.12946607308654084,0.9954819277108434,0.9646444355162715,0.1,4368,0.4211040725646882
15,0.025903616673411588,0.12648569390034833,0.9966867469879518,0.9642426677380475,0.1,4680,0.3922282848562071
16,0.11330736569121407,0.24187716823464106,0.9604417670682731,0.9381277621534753,0.1,4992,0.3657362195956684
17,0.0201364878411336,0.12823972181418608,0.9979919678714859,0.9630373644033748,0.1,5304,0.34977292601699217
18,0.018222263091230623,0.12644648749012055,0.9988955823293173,0.9650462032944958,0.1,5616,0.3007796177338615
19,0.015672209178661984,0.1280427841214897,0.9991967871485944,0.96544797107272,0.1,5928,0.28145264441642764
20,0.016248434727692426,0.12914619167842648,0.9988955823293173,0.9658497388509442,0.1,6240,0.25317675538954054
21,0.01298340369845785,0.12377826135988718,0.9994979919678715,0.9666532744073926,0.1,6552,0.23047351386669127
22,0.011508335847593115,0.12600812943724854,0.9998995983935743,0.9650462032944958,0.1,6864,0.221320125211981
23,0.010891152790480365,0.126781967551897,0.9996987951807229,0.9670550421856167,0.1,7176,0.19764176459178637
24,0.010342017760702303,0.1288499252763209,1.0,0.9662515066291684,0.1,7488,0.18988078899547475
25,0.009109866897164465,0.1267420822323708,1.0,0.96544797107272,0.1,7800,0.17814539917225458
26,0.00863997776991511,0.12855096834257415,1.0,0.9674568099638409,0.1,8112,0.1611958922417431
27,0.007787497301993585,0.12731817204843393,1.0,0.96544797107272,0.1,8424,0.15246014619179876
28,0.007912414796704037,0.1331493617899247,1.0,0.9670550421856167,0.1,8736,0.14872986132404842
29,0.006844314190436645,0.13064582800347654,0.9998995983935743,0.9674568099638409,0.1,9048,0.1343341453235417
30,0.006422933797532765,0.12768118259161956,1.0,0.9678585777420651,0.1,9360,0.13464823451607252
31,0.006239787992725295,0.12738007462739578,1.0,0.9682603455202893,0.1,9672,0.12608852868875503
