epoch,train_loss,validation_loss,train_accuracy,validation_accuracy
1,0.6494174830474364,0.6662187815356533,0.8627510040160643,0.8505423865006027
2,0.4449873704534375,0.46133945982443675,0.88785140562249,0.8790678987545198
3,0.36987322274493806,0.3889237311655173,0.903714859437751,0.8963439132181599
4,0.32943017162119365,0.3469977006995131,0.9105421686746988,0.9079951787866614
5,0.3040438634044889,0.3235663907533447,0.9180722891566265,0.911611088790679
6,0.28621976261584364,0.30763141152751877,0.9203815261044177,0.9108075532342306
7,0.2704001334755715,0.2900110299599951,0.9256024096385542,0.920048212133387
8,0.2593117109689881,0.28282816363935975,0.9284136546184739,0.9184411410204901
9,0.24848809800800195,0.2692201236123045,0.9316265060240964,0.9240658899156288
10,0.24066949625326053,0.26248967189743805,0.9348393574297189,0.924467657693853
11,0.23159297071218962,0.25547170294396326,0.9371485943775101,0.924467657693853
12,0.22663172137592655,0.25275331087819997,0.9379518072289157,0.9272800321414223
13,0.21896371548829288,0.24585991077300007,0.9414658634538152,0.9272800321414223
14,0.2134158247920693,0.2391213138212811,0.9427710843373494,0.9316994777018883
15,0.20720180185306292,0.23452207375309508,0.9439759036144578,0.9329047810365608
16,0.20758671889575253,0.24002644129224054,0.9423694779116466,0.9304941743672157
17,0.19870937615379797,0.2302189075259619,0.9467871485943775,0.9361189232623544
18,0.19430428855882184,0.22670028640100987,0.9477911646586346,0.9357171554841301
19,0.18975793239625366,0.2237845006769549,0.9488955823293173,0.9361189232623544
20,0.19110893718709393,0.2223431922113189,0.9482931726907631,0.9337083165930092
21,0.18217242367078387,0.21544165291932227,0.9515060240963855,0.9381277621534753
22,0.1787452098205709,0.2140629668264096,0.9519076305220884,0.9389312977099237
23,0.1753028965259402,0.21070739729709578,0.9528112449799196,0.9397348332663721
24,0.17119015507598825,0.21005436347125497,0.9543172690763052,0.9413419043792688
25,0.1687849431746945,0.20664458134696123,0.9554216867469879,0.9409401366010446
26,0.16519637869653656,0.2038388728158406,0.9560240963855422,0.9413419043792688
27,0.1620104807675077,0.20154400821763285,0.9568273092369478,0.9441542788268381
28,0.15937033126045394,0.20232160696959253,0.9588353413654619,0.9405383688228204
29,0.15606656004307848,0.2009397831141975,0.9586345381526105,0.9413419043792688
30,0.1539466575663645,0.19497850497772465,0.9597389558232932,0.9437525110486139
