run_id,config_id,seed,accuracy,loss,macro_f1,balanced_accuracy,parameters,duration_seconds,chosen_epoch,epochs,stop_reason,dataset_sha256,split_sha256
2a8d201c07a27a90-seed-42,2a8d201c07a27a90,42,0.9682603455202893,0.12576523130923115,0.9616805071208108,0.9625052294569927,101770,95.91097987499961,21,30,max_epochs,11271dbc12a3a8db967f6c2708e55ae1918d69186e81d91c53c24e305fc5d3f4,7c9e97bc7e6e41e7a2cb3b4c8dca5b0297ef76ae036537411216530abb9e617c
dcc571d8cd83dd15-seed-42,dcc571d8cd83dd15,42,0.9662515066291684,0.12392340484470156,0.9618267920795096,0.9573813775027067,101770,436.7149832370005,9,30,max_epochs,11271dbc12a3a8db967f6c2708e55ae1918d69186e81d91c53c24e305fc5d3f4,7c9e97bc7e6e41e7a2cb3b4c8dca5b0297ef76ae036537411216530abb9e617c
2a77b7e685b26d16-seed-42,2a77b7e685b26d16,42,0.9586179188429088,0.15489316718337998,0.9519224470665277,0.9520044949743043,101770,454.51318683299996,30,30,max_epochs,11271dbc12a3a8db967f6c2708e55ae1918d69186e81d91c53c24e305fc5d3f4,7c9e97bc7e6e41e7a2cb3b4c8dca5b0297ef76ae036537411216530abb9e617c
7f3bad549f9c35b2-seed-42,7f3bad549f9c35b2,42,0.9437525110486139,0.19497850497772462,0.9335957798521431,0.9316149383835468,101770,67.99916647000009,30,30,max_epochs,11271dbc12a3a8db967f6c2708e55ae1918d69186e81d91c53c24e305fc5d3f4,7c9e97bc7e6e41e7a2cb3b4c8dca5b0297ef76ae036537411216530abb9e617c
5717f96a1e0fd55c-seed-42,5717f96a1e0fd55c,42,0.9429489754921655,0.1961262442054594,0.932810171988009,0.9308834141710283,101770,151.11722747899967,30,30,max_epochs,11271dbc12a3a8db967f6c2708e55ae1918d69186e81d91c53c24e305fc5d3f4,7c9e97bc7e6e41e7a2cb3b4c8dca5b0297ef76ae036537411216530abb9e617c
843738f6906ca725-seed-42,843738f6906ca725,42,0.9152269987946967,0.32658856018417265,0.8836278055791189,0.8717108178880678,101770,456.6741283849997,30,30,max_epochs,11271dbc12a3a8db967f6c2708e55ae1918d69186e81d91c53c24e305fc5d3f4,7c9e97bc7e6e41e7a2cb3b4c8dca5b0297ef76ae036537411216530abb9e617c
64126b552f49839f-seed-42,64126b552f49839f,42,0.8959421454399357,0.3870926313005706,0.8540427147731973,0.8421747194410226,101770,66.79759056500006,30,30,max_epochs,11271dbc12a3a8db967f6c2708e55ae1918d69186e81d91c53c24e305fc5d3f4,7c9e97bc7e6e41e7a2cb3b4c8dca5b0297ef76ae036537411216530abb9e617c
2f3abed1b361c45e-seed-42,2f3abed1b361c45e,42,0.8951386098834874,0.38735830265421717,0.8533044506658379,0.8414362358594017,101770,233.26179106000018,30,30,max_epochs,11271dbc12a3a8db967f6c2708e55ae1918d69186e81d91c53c24e305fc5d3f4,7c9e97bc7e6e41e7a2cb3b4c8dca5b0297ef76ae036537411216530abb9e617c
685f6c2465ff815f-seed-42,685f6c2465ff815f,42,0.7452792286058658,1.3049249269648593,0.6652020645157023,0.6740153259381972,101770,71.08083326299948,30,30,max_epochs,11271dbc12a3a8db967f6c2708e55ae1918d69186e81d91c53c24e305fc5d3f4,7c9e97bc7e6e41e7a2cb3b4c8dca5b0297ef76ae036537411216530abb9e617c
fbbb0081370fc67e-seed-42,fbbb0081370fc67e,42,0.7452792286058658,1.3055099220648172,0.6652020645157023,0.6740153259381972,101770,216.02887887999987,30,30,max_epochs,11271dbc12a3a8db967f6c2708e55ae1918d69186e81d91c53c24e305fc5d3f4,7c9e97bc7e6e41e7a2cb3b4c8dca5b0297ef76ae036537411216530abb9e617c
380da0b864395757-seed-42,380da0b864395757,42,0.21976697468862996,2.089532383436061,0.18262291266333275,0.20017069431395482,101770,69.15942551799981,30,30,max_epochs,11271dbc12a3a8db967f6c2708e55ae1918d69186e81d91c53c24e305fc5d3f4,7c9e97bc7e6e41e7a2cb3b4c8dca5b0297ef76ae036537411216530abb9e617c
