config_id,dataset_sha256,split_sha256,runs,seeds,accuracy_mean,accuracy_std,loss_mean,loss_std,macro_f1_mean,macro_f1_std,balanced_accuracy_mean,balanced_accuracy_std,duration_seconds_mean,duration_seconds_std,parameters_mean,parameters_std
2a77b7e685b26d16,11271dbc12a3a8db967f6c2708e55ae1918d69186e81d91c53c24e305fc5d3f4,7c9e97bc7e6e41e7a2cb3b4c8dca5b0297ef76ae036537411216530abb9e617c,1,[42],0.9586179188429088,0.0,0.15489316718337998,0.0,0.9519224470665277,0.0,0.9520044949743043,0.0,454.51318683299996,0.0,101770.0,0.0
2a8d201c07a27a90,11271dbc12a3a8db967f6c2708e55ae1918d69186e81d91c53c24e305fc5d3f4,7c9e97bc7e6e41e7a2cb3b4c8dca5b0297ef76ae036537411216530abb9e617c,1,[42],0.9682603455202893,0.0,0.12576523130923115,0.0,0.9616805071208108,0.0,0.9625052294569927,0.0,95.91097987499961,0.0,101770.0,0.0
2f3abed1b361c45e,11271dbc12a3a8db967f6c2708e55ae1918d69186e81d91c53c24e305fc5d3f4,7c9e97bc7e6e41e7a2cb3b4c8dca5b0297ef76ae036537411216530abb9e617c,1,[42],0.8951386098834874,0.0,0.38735830265421717,0.0,0.8533044506658379,0.0,0.8414362358594017,0.0,233.26179106000018,0.0,101770.0,0.0
380da0b864395757,11271dbc12a3a8db967f6c2708e55ae1918d69186e81d91c53c24e305fc5d3f4,7c9e97bc7e6e41e7a2cb3b4c8dca5b0297ef76ae036537411216530abb9e617c,1,[42],0.21976697468862996,0.0,2.089532383436061,0.0,0.18262291266333275,0.0,0.20017069431395482,0.0,69.15942551799981,0.0,101770.0,0.0
5717f96a1e0fd55c,11271dbc12a3a8db967f6c2708e55ae1918d69186e81d91c53c24e305fc5d3f4,7c9e97bc7e6e41e7a2cb3b4c8dca5b0297ef76ae036537411216530abb9e617c,1,[42],0.9429489754921655,0.0,0.1961262442054594,0.0,0.932810171988009,0.0,0.9308834141710283,0.0,151.11722747899967,0.0,101770.0,0.0
64126b552f49839f,11271dbc12a3a8db967f6c2708e55ae1918d69186e81d91c53c24e305fc5d3f4,7c9e97bc7e6e41e7a2cb3b4c8dca5b0297ef76ae036537411216530abb9e617c,1,[42],0.8959421454399357,0.0,0.3870926313005706,0.0,0.8540427147731973,0.0,0.8421747194410226,0.0,66.79759056500006,0.0,101770.0,0.0
685f6c2465ff815f,11271dbc12a3a8db967f6c2708e55ae1918d69186e81d91c53c24e305fc5d3f4,7c9e97bc7e6e41e7a2cb3b4c8dca5b0297ef76ae036537411216530abb9e617c,1,[42],0.7452792286058658,0.0,1.3049249269648593,0.0,0.6652020645157023,0.0,0.6740153259381972,0.0,71.08083326299948,0.0,101770.0,0.0
7f3bad549f9c35b2,11271dbc12a3a8db967f6c2708e55ae1918d69186e81d91c53c24e305fc5d3f4,7c9e97bc7e6e41e7a2cb3b4c8dca5b0297ef76ae036537411216530abb9e617c,1,[42],0.9437525110486139,0.0,0.19497850497772462,0.0,0.9335957798521431,0.0,0.9316149383835468,0.0,67.99916647000009,0.0,101770.0,0.0
843738f6906ca725,11271dbc12a3a8db967f6c2708e55ae1918d69186e81d91c53c24e305fc5d3f4,7c9e97bc7e6e41e7a2cb3b4c8dca5b0297ef76ae036537411216530abb9e617c,1,[42],0.9152269987946967,0.0,0.32658856018417265,0.0,0.8836278055791189,0.0,0.8717108178880678,0.0,456.6741283849997,0.0,101770.0,0.0
dcc571d8cd83dd15,11271dbc12a3a8db967f6c2708e55ae1918d69186e81d91c53c24e305fc5d3f4,7c9e97bc7e6e41e7a2cb3b4c8dca5b0297ef76ae036537411216530abb9e617c,1,[42],0.9662515066291684,0.0,0.12392340484470156,0.0,0.9618267920795096,0.0,0.9573813775027067,0.0,436.7149832370005,0.0,101770.0,0.0
fbbb0081370fc67e,11271dbc12a3a8db967f6c2708e55ae1918d69186e81d91c53c24e305fc5d3f4,7c9e97bc7e6e41e7a2cb3b4c8dca5b0297ef76ae036537411216530abb9e617c,1,[42],0.7452792286058658,0.0,1.3055099220648172,0.0,0.6652020645157023,0.0,0.6740153259381972,0.0,216.02887887999987,0.0,101770.0,0.0
